{
	"format_version": "1.9.0",
	"credit": "Made with Blockbench",
	"texture_size": [64, 64],
	"textures": {
		"0": "./BishB",
		"particle": "./BishB"
	},
	"elements": [
		{
			"from": [4, 0.1, 4],
			"to": [12, 3.1, 12],
			"rotation": {"angle": 90, "axis": "y", "origin": [8, 1.6, 8]},
			"faces": {
				"north": {"uv": [2, 2, 4, 2.75], "texture": "#0"},
				"east": {"uv": [0, 2, 2, 2.75], "texture": "#0"},
				"south": {"uv": [6, 2, 8, 2.75], "texture": "#0"},
				"west": {"uv": [4, 2, 6, 2.75], "texture": "#0"},
				"up": {"uv": [4, 2, 2, 0], "texture": "#0"},
				"down": {"uv": [6, 0, 4, 2], "texture": "#0"}
			}
		},
		{
			"from": [4, 3.1, 5],
			"to": [11, 4.1, 12],
			"rotation": {"angle": 90, "axis": "y", "origin": [7.5, 13, 8]},
			"faces": {
				"north": {"uv": [1.75, 4.5, 3.5, 4.75], "texture": "#0"},
				"east": {"uv": [0, 4.5, 1.75, 4.75], "texture": "#0"},
				"south": {"uv": [5.25, 4.5, 7, 4.75], "texture": "#0"},
				"west": {"uv": [3.5, 4.5, 5.25, 4.75], "texture": "#0"},
				"up": {"uv": [3.5, 4.5, 1.75, 2.75], "texture": "#0"},
				"down": {"uv": [5.25, 2.75, 3.5, 4.5], "texture": "#0"}
			}
		},
		{
			"from": [4.5, 5.1, 5.5],
			"to": [10.5, 6.1, 11.5],
			"rotation": {"angle": 90, "axis": "y", "origin": [7.5, 13, 8]},
			"faces": {
				"north": {"uv": [7.5, 6.25, 9, 6.5], "texture": "#0"},
				"east": {"uv": [6, 6.25, 7.5, 6.5], "texture": "#0"},
				"south": {"uv": [10.5, 6.25, 12, 6.5], "texture": "#0"},
				"west": {"uv": [9, 6.25, 10.5, 6.5], "texture": "#0"},
				"up": {"uv": [9, 6.25, 7.5, 4.75], "texture": "#0"},
				"down": {"uv": [10.5, 4.75, 9, 6.25], "texture": "#0"}
			}
		},
		{
			"from": [4.5, 14.7, 5.5],
			"to": [10.5, 15.7, 11.5],
			"rotation": {"angle": 90, "axis": "y", "origin": [7.5, 13, 8]},
			"faces": {
				"north": {"uv": [1.5, 6.25, 3, 6.5], "texture": "#0"},
				"east": {"uv": [0, 6.25, 1.5, 6.5], "texture": "#0"},
				"south": {"uv": [4.5, 6.25, 6, 6.5], "texture": "#0"},
				"west": {"uv": [3, 6.25, 4.5, 6.5], "texture": "#0"},
				"up": {"uv": [3, 6.25, 1.5, 4.75], "texture": "#0"},
				"down": {"uv": [4.5, 4.75, 3, 6.25], "texture": "#0"}
			}
		},
		{
			"from": [5.7, 2.7, 6.7],
			"to": [9.3, 17.7, 10.3],
			"rotation": {"angle": 90, "axis": "y", "origin": [7.5, 13, 8]},
			"faces": {
				"north": {"uv": [0.75, 7.25, 1.5, 11], "texture": "#0"},
				"east": {"uv": [0, 7.25, 0.75, 11], "texture": "#0"},
				"south": {"uv": [2.25, 7.25, 3, 11], "texture": "#0"},
				"west": {"uv": [1.5, 7.25, 2.25, 11], "texture": "#0"},
				"up": {"uv": [1.5, 7.25, 0.75, 6.5], "texture": "#0"},
				"down": {"uv": [2.25, 6.5, 1.5, 7.25], "texture": "#0"}
			}
		},
		{
			"from": [5, 16.4, 8],
			"to": [10, 22.4, 11],
			"rotation": {"angle": 90, "axis": "y", "origin": [7.5, 13, 8]},
			"faces": {
				"north": {"uv": [3.75, 7.25, 5, 8.75], "texture": "#0"},
				"east": {"uv": [3, 7.25, 3.75, 8.75], "texture": "#0"},
				"south": {"uv": [5.75, 7.25, 7, 8.75], "texture": "#0"},
				"west": {"uv": [5, 7.25, 5.75, 8.75], "texture": "#0"},
				"up": {"uv": [5, 7.25, 3.75, 6.5], "texture": "#0"},
				"down": {"uv": [6.25, 6.5, 5, 7.25], "texture": "#0"}
			}
		},
		{
			"from": [5, 16.4, 7],
			"to": [10, 18.4, 8],
			"rotation": {"angle": 90, "axis": "y", "origin": [7.5, 13, 8]},
			"faces": {
				"north": {"uv": [7.25, 6.75, 8.5, 7.25], "texture": "#0"},
				"east": {"uv": [7, 6.75, 7.25, 7.25], "texture": "#0"},
				"south": {"uv": [8.75, 6.75, 10, 7.25], "texture": "#0"},
				"west": {"uv": [8.5, 6.75, 8.75, 7.25], "texture": "#0"},
				"up": {"uv": [8.5, 6.75, 7.25, 6.5], "texture": "#0"},
				"down": {"uv": [9.75, 6.5, 8.5, 6.75], "texture": "#0"}
			}
		},
		{
			"from": [5, 16.4, 6],
			"to": [10, 21.4, 7],
			"rotation": {"angle": 90, "axis": "y", "origin": [7.5, 13, 8]},
			"faces": {
				"north": {"uv": [7.25, 3, 8.5, 4.25], "texture": "#0"},
				"east": {"uv": [7, 3, 7.25, 4.25], "texture": "#0"},
				"south": {"uv": [8.75, 3, 10, 4.25], "texture": "#0"},
				"west": {"uv": [8.5, 3, 8.75, 4.25], "texture": "#0"},
				"up": {"uv": [8.5, 3, 7.25, 2.75], "texture": "#0"},
				"down": {"uv": [9.75, 2.75, 8.5, 3], "texture": "#0"}
			}
		},
		{
			"from": [6.5, 23.4, 7.5],
			"to": [8.5, 25.4, 9.5],
			"rotation": {"angle": 90, "axis": "y", "origin": [7.5, 13, 8]},
			"faces": {
				"north": {"uv": [7.5, 7.75, 8, 8.25], "texture": "#0"},
				"east": {"uv": [7, 7.75, 7.5, 8.25], "texture": "#0"},
				"south": {"uv": [8.5, 7.75, 9, 8.25], "texture": "#0"},
				"west": {"uv": [8, 7.75, 8.5, 8.25], "texture": "#0"},
				"up": {"uv": [8, 7.75, 7.5, 7.25], "texture": "#0"},
				"down": {"uv": [8.5, 7.25, 8, 7.75], "texture": "#0"}
			}
		}
	],
	"display": {
		"thirdperson_righthand": {
			"scale": [0.3, 0.3, 0.3]
		},
		"thirdperson_lefthand": {
			"scale": [0.3, 0.3, 0.3]
		},
		"firstperson_righthand": {
			"translation": [0, 3, 0],
			"scale": [0.5, 0.5, 0.5]
		},
		"firstperson_lefthand": {
			"translation": [0, 3, 0],
			"scale": [0.5, 0.5, 0.5]
		},
		"ground": {
			"scale": [0.5, 0.5, 0.5]
		},
		"gui": {
			"rotation": [1, 128, 0],
			"translation": [0, -3.25, 0],
			"scale": [0.6, 0.6, 0.6]
		},
		"head": {
			"scale": [1.0, 1.0, 1.0],
			"translation": [0, 1.0, 0]
		},
		"fixed": {
			"rotation": [-90, 0, 0],
			"translation": [0, 0, -7]
		}
	}
}