{
	"format_version": "1.9.0",
	"credit": "Made with Blockbench",
	"texture_size": [64, 64],
	"textures": {
		"0": "./KingB",
		"particle": "./KingB"
	},
	"elements": [
		{
			"from": [4, 0, 4],
			"to": [12, 2, 12],
			"rotation": {"angle": -90, "axis": "y", "origin": [8, 15.6, 8]},
			"faces": {
				"north": {"uv": [2, 2, 4, 2.5], "texture": "#0"},
				"east": {"uv": [0, 2, 2, 2.5], "texture": "#0"},
				"south": {"uv": [6, 2, 8, 2.5], "texture": "#0"},
				"west": {"uv": [4, 2, 6, 2.5], "texture": "#0"},
				"up": {"uv": [4, 2, 2, 0], "texture": "#0"},
				"down": {"uv": [6, 0, 4, 2], "texture": "#0"}
			}
		},
		{
			"from": [7.4, 27.2, 7.4],
			"to": [8.6, 32, 8.6],
			"rotation": {"angle": -90, "axis": "y", "origin": [8, 15.5, 8]},
			"faces": {
				"north": {"uv": [0.25, 10, 0.5, 11], "texture": "#0"},
				"east": {"uv": [0, 10, 0.25, 11], "texture": "#0"},
				"south": {"uv": [0.75, 10, 1, 11], "texture": "#0"},
				"west": {"uv": [0.5, 10, 0.75, 11], "texture": "#0"},
				"up": {"uv": [0.5, 10, 0.25, 9.75], "texture": "#0"},
				"down": {"uv": [0.75, 9.75, 0.5, 10], "texture": "#0"}
			}
		},
		{
			"from": [7.4, 29.5, 8.6],
			"to": [8.6, 30.7, 9.8],
			"rotation": {"angle": -90, "axis": "y", "origin": [8, 15.5, 8]},
			"faces": {
				"north": {"uv": [8.25, 2, 8.5, 2.25], "texture": "#0"},
				"east": {"uv": [8, 2, 8.25, 2.25], "texture": "#0"},
				"south": {"uv": [8.75, 2, 9, 2.25], "texture": "#0"},
				"west": {"uv": [8.5, 2, 8.75, 2.25], "texture": "#0"},
				"up": {"uv": [8.5, 2, 8.25, 1.75], "texture": "#0"},
				"down": {"uv": [8.75, 1.75, 8.5, 2], "texture": "#0"}
			}
		},
		{
			"from": [7.4, 29.5, 6.2],
			"to": [8.6, 30.7, 7.4],
			"rotation": {"angle": -90, "axis": "y", "origin": [8, 15.5, 8]},
			"faces": {
				"north": {"uv": [9.25, 2, 9.5, 2.25], "texture": "#0"},
				"east": {"uv": [9, 2, 9.25, 2.25], "texture": "#0"},
				"south": {"uv": [9.75, 2, 10, 2.25], "texture": "#0"},
				"west": {"uv": [9.5, 2, 9.75, 2.25], "texture": "#0"},
				"up": {"uv": [9.5, 2, 9.25, 1.75], "texture": "#0"},
				"down": {"uv": [9.75, 1.75, 9.5, 2], "texture": "#0"}
			}
		},
		{
			"from": [4.9, 2, 4.9],
			"to": [11.1, 6, 11.1],
			"rotation": {"angle": -90, "axis": "y", "origin": [8, 15.6, 8]},
			"faces": {
				"north": {"uv": [5.5, 8.25, 7, 9.25], "texture": "#0"},
				"east": {"uv": [4, 8.25, 5.5, 9.25], "texture": "#0"},
				"south": {"uv": [8.5, 8.25, 10, 9.25], "texture": "#0"},
				"west": {"uv": [7, 8.25, 8.5, 9.25], "texture": "#0"},
				"up": {"uv": [7, 8.25, 5.5, 6.75], "texture": "#0"},
				"down": {"uv": [8.5, 6.75, 7, 8.25], "texture": "#0"}
			}
		},
		{
			"from": [4.3, 3, 4.3],
			"to": [11.7, 5, 11.7],
			"rotation": {"angle": -90, "axis": "y", "origin": [8, 15.6, 8]},
			"faces": {
				"north": {"uv": [1.75, 4.25, 3.5, 4.75], "texture": "#0"},
				"east": {"uv": [0, 4.25, 1.75, 4.75], "texture": "#0"},
				"south": {"uv": [5.25, 4.25, 7, 4.75], "texture": "#0"},
				"west": {"uv": [3.5, 4.25, 5.25, 4.75], "texture": "#0"},
				"up": {"uv": [3.5, 4.25, 1.75, 2.5], "texture": "#0"},
				"down": {"uv": [5.25, 2.5, 3.5, 4.25], "texture": "#0"}
			}
		},
		{
			"from": [5.9, 3.3, 5.9],
			"to": [10.1, 19.8, 10.1],
			"rotation": {"angle": -90, "axis": "y", "origin": [8, 15.6, 8]},
			"faces": {
				"north": {"uv": [1, 5.75, 2, 9.75], "texture": "#0"},
				"east": {"uv": [0, 5.75, 1, 9.75], "texture": "#0"},
				"south": {"uv": [3, 5.75, 4, 9.75], "texture": "#0"},
				"west": {"uv": [2, 5.75, 3, 9.75], "texture": "#0"},
				"up": {"uv": [2, 5.75, 1, 4.75], "texture": "#0"},
				"down": {"uv": [3, 4.75, 2, 5.75], "texture": "#0"}
			}
		},
		{
			"from": [4.4, 16.3, 4.4],
			"to": [11.6, 17.3, 11.6],
			"rotation": {"angle": -90, "axis": "y", "origin": [8, 15.6, 8]},
			"faces": {
				"north": {"uv": [5.75, 6.5, 7.5, 6.75], "texture": "#0"},
				"east": {"uv": [4, 6.5, 5.75, 6.75], "texture": "#0"},
				"south": {"uv": [9.25, 6.5, 11, 6.75], "texture": "#0"},
				"west": {"uv": [7.5, 6.5, 9.25, 6.75], "texture": "#0"},
				"up": {"uv": [7.5, 6.5, 5.75, 4.75], "texture": "#0"},
				"down": {"uv": [9.25, 4.75, 7.5, 6.5], "texture": "#0"}
			}
		},
		{
			"from": [4.8, 17.3, 4.8],
			"to": [11.2, 18.3, 11.2],
			"rotation": {"angle": -90, "axis": "y", "origin": [8, 15.6, 8]},
			"faces": {
				"north": {"uv": [9.5, 1.5, 11, 1.75], "texture": "#0"},
				"east": {"uv": [8, 1.5, 9.5, 1.75], "texture": "#0"},
				"south": {"uv": [12.5, 1.5, 14, 1.75], "texture": "#0"},
				"west": {"uv": [11, 1.5, 12.5, 1.75], "texture": "#0"},
				"up": {"uv": [11, 1.5, 9.5, 0], "texture": "#0"},
				"down": {"uv": [12.5, 0, 11, 1.5], "texture": "#0"}
			}
		},
		{
			"from": [5, 19.3, 5],
			"to": [11, 20.3, 11],
			"rotation": {"angle": -90, "axis": "y", "origin": [8, 15.6, 8]},
			"faces": {
				"north": {"uv": [5.5, 10.75, 7, 11], "texture": "#0"},
				"east": {"uv": [4, 10.75, 5.5, 11], "texture": "#0"},
				"south": {"uv": [8.5, 10.75, 10, 11], "texture": "#0"},
				"west": {"uv": [7, 10.75, 8.5, 11], "texture": "#0"},
				"up": {"uv": [7, 10.75, 5.5, 9.25], "texture": "#0"},
				"down": {"uv": [8.5, 9.25, 7, 10.75], "texture": "#0"}
			}
		},
		{
			"from": [5, 23.3, 5],
			"to": [11, 26.3, 11],
			"rotation": {"angle": -90, "axis": "y", "origin": [8, 15.6, 8]},
			"faces": {
				"north": {"uv": [8.5, 4, 10, 4.75], "texture": "#0"},
				"east": {"uv": [7, 4, 8.5, 4.75], "texture": "#0"},
				"south": {"uv": [11.5, 4, 13, 4.75], "texture": "#0"},
				"west": {"uv": [10, 4, 11.5, 4.75], "texture": "#0"},
				"up": {"uv": [10, 4, 8.5, 2.5], "texture": "#0"},
				"down": {"uv": [11.5, 2.5, 10, 4], "texture": "#0"}
			}
		},
		{
			"from": [5.5, 21.3, 5.5],
			"to": [10.5, 23.8, 10.5],
			"rotation": {"angle": -90, "axis": "y", "origin": [8, 15.6, 8]},
			"faces": {
				"north": {"uv": [11.25, 8, 12.5, 8.5], "texture": "#0"},
				"east": {"uv": [10, 8, 11.25, 8.5], "texture": "#0"},
				"south": {"uv": [13.75, 8, 15, 8.5], "texture": "#0"},
				"west": {"uv": [12.5, 8, 13.75, 8.5], "texture": "#0"},
				"up": {"uv": [12.5, 8, 11.25, 6.75], "texture": "#0"},
				"down": {"uv": [13.75, 6.75, 12.5, 8], "texture": "#0"}
			}
		}
	],
	"display": {
		"thirdperson_righthand": {
			"scale": [0.3, 0.3, 0.3]
		},
		"thirdperson_lefthand": {
			"scale": [0.3, 0.3, 0.3]
		},
		"firstperson_righthand": {
			"translation": [0, 3, 0],
			"scale": [0.5, 0.5, 0.5]
		},
		"firstperson_lefthand": {
			"translation": [0, 3, 0],
			"scale": [0.5, 0.5, 0.5]
		},
		"ground": {
			"scale": [0.5, 0.5, 0.5]
		},
		"gui": {
			"rotation": [1, 180, 0],
			"translation": [0, -4, 0],
			"scale": [0.5, 0.5, 0.5]
		},
		"head": {
			"scale": [1.0, 1.0, 1.0],
			"translation": [0, 1.0, 0]
		},
		"fixed": {
			"rotation": [-90, 0, 0],
			"translation": [0, 0, -7]
		}
	}
}