{
	"format_version": "1.9.0",
	"credit": "Made with Blockbench",
	"texture_size": [64, 64],
	"textures": {
		"0": "./HorseW",
		"particle": "./HorseW"
	},
	"elements": [
		{
			"from": [5.9, 4.1, 5],
			"to": [10.1, 9.1, 10],
			"rotation": {"angle": -22.5, "axis": "x", "origin": [10, 5.1, 7.5]},
			"faces": {
				"north": {"uv": [9.25, 1.25, 10.25, 2.5], "texture": "#0"},
				"east": {"uv": [8, 1.25, 9.25, 2.5], "texture": "#0"},
				"south": {"uv": [11.5, 1.25, 12.5, 2.5], "texture": "#0"},
				"west": {"uv": [10.25, 1.25, 11.5, 2.5], "texture": "#0"},
				"up": {"uv": [10.25, 1.25, 9.25, 0], "texture": "#0"},
				"down": {"uv": [11.25, 0, 10.25, 1.25], "texture": "#0"}
			}
		},
		{
			"from": [6, 5, 5.8],
			"to": [10, 12.1, 8.8],
			"rotation": {"angle": 45, "axis": "x", "origin": [10, 9.1, 8.3]},
			"faces": {
				"north": {"uv": [9.25, 3.25, 10.25, 5], "texture": "#0"},
				"east": {"uv": [8.5, 3.25, 9.25, 5], "texture": "#0"},
				"south": {"uv": [11, 3.25, 12, 5], "texture": "#0"},
				"west": {"uv": [10.25, 3.25, 11, 5], "texture": "#0"},
				"up": {"uv": [10.25, 3.25, 9.25, 2.5], "texture": "#0"},
				"down": {"uv": [11.25, 2.5, 10.25, 3.25], "texture": "#0"}
			}
		},
		{
			"from": [5.8, 2.1, 7],
			"to": [10.2, 15.1, 11.3],
			"rotation": {"angle": 0, "axis": "x", "origin": [10, 7.1, 9.5]},
			"faces": {
				"north": {"uv": [5.5, 5.75, 6.5, 9], "texture": "#0"},
				"east": {"uv": [4.5, 5.75, 5.5, 9], "texture": "#0"},
				"south": {"uv": [7.5, 5.75, 8.5, 9], "texture": "#0"},
				"west": {"uv": [6.5, 5.75, 7.5, 9], "texture": "#0"},
				"up": {"uv": [6.5, 5.75, 5.5, 4.75], "texture": "#0"},
				"down": {"uv": [7.5, 4.75, 6.5, 5.75], "texture": "#0"}
			}
		},
		{
			"from": [5.6, 10.3, 4.6],
			"to": [10.4, 21.3, 9.6],
			"rotation": {"angle": -112.5, "axis": "x", "origin": [10, 15.3, 7.1]},
			"faces": {
				"north": {"uv": [1.25, 6, 2.25, 8.75], "texture": "#0"},
				"east": {"uv": [0, 6, 1.25, 8.75], "texture": "#0"},
				"south": {"uv": [3.5, 6, 4.5, 8.75], "texture": "#0"},
				"west": {"uv": [2.25, 6, 3.5, 8.75], "texture": "#0"},
				"up": {"uv": [2.25, 6, 1.25, 4.75], "texture": "#0"},
				"down": {"uv": [3.25, 4.75, 2.25, 6], "texture": "#0"}
			}
		},
		{
			"from": [5.1, 12.9, 2],
			"to": [6.6, 14.9, 5.5],
			"rotation": {"angle": -112.5, "axis": "x", "origin": [9.5, 18.1, 4.5]},
			"faces": {
				"north": {"uv": [9.25, 5.75, 9.5, 6.25], "texture": "#0"},
				"east": {"uv": [8.5, 5.75, 9.25, 6.25], "texture": "#0"},
				"south": {"uv": [10.25, 5.75, 10.5, 6.25], "texture": "#0"},
				"west": {"uv": [9.5, 5.75, 10.25, 6.25], "texture": "#0"},
				"up": {"uv": [9.5, 5.75, 9.25, 5], "texture": "#0"},
				"down": {"uv": [9.75, 5, 9.5, 5.75], "texture": "#0"}
			}
		},
		{
			"from": [9.3, 12.8, 2],
			"to": [10.8, 14.8, 5.5],
			"rotation": {"angle": -112.5, "axis": "x", "origin": [13.7, 18.1, 4.5]},
			"faces": {
				"north": {"uv": [9.25, 7, 9.5, 7.5], "texture": "#0"},
				"east": {"uv": [8.5, 7, 9.25, 7.5], "texture": "#0"},
				"south": {"uv": [10.25, 7, 10.5, 7.5], "texture": "#0"},
				"west": {"uv": [9.5, 7, 10.25, 7.5], "texture": "#0"},
				"up": {"uv": [9.5, 7, 9.25, 6.25], "texture": "#0"},
				"down": {"uv": [9.75, 6.25, 9.5, 7], "texture": "#0"}
			}
		},
		{
			"from": [4, 0, 4],
			"to": [12, 3, 12],
			"rotation": {"angle": 0, "axis": "y", "origin": [8, 1.5, 8]},
			"faces": {
				"north": {"uv": [2, 2, 4, 2.75], "texture": "#0"},
				"east": {"uv": [0, 2, 2, 2.75], "texture": "#0"},
				"south": {"uv": [6, 2, 8, 2.75], "texture": "#0"},
				"west": {"uv": [4, 2, 6, 2.75], "texture": "#0"},
				"up": {"uv": [4, 2, 2, 0], "texture": "#0"},
				"down": {"uv": [6, 0, 4, 2], "texture": "#0"}
			}
		},
		{
			"from": [4.5, 3, 4.5],
			"to": [11.5, 4, 11.5],
			"rotation": {"angle": 0, "axis": "y", "origin": [10, -2, 6]},
			"faces": {
				"north": {"uv": [1.75, 4.5, 3.5, 4.75], "texture": "#0"},
				"east": {"uv": [0, 4.5, 1.75, 4.75], "texture": "#0"},
				"south": {"uv": [5.25, 4.5, 7, 4.75], "texture": "#0"},
				"west": {"uv": [3.5, 4.5, 5.25, 4.75], "texture": "#0"},
				"up": {"uv": [3.5, 4.5, 1.75, 2.75], "texture": "#0"},
				"down": {"uv": [5.25, 2.75, 3.5, 4.5], "texture": "#0"}
			}
		}
	],
	"display": {
		"thirdperson_righthand": {
			"scale": [0.3, 0.3, 0.3]
		},
		"thirdperson_lefthand": {
			"scale": [0.3, 0.3, 0.3]
		},
		"firstperson_righthand": {
			"translation": [0, 3, 0],
			"scale": [0.5, 0.5, 0.5]
		},
		"firstperson_lefthand": {
			"translation": [0, 3, 0],
			"scale": [0.5, 0.5, 0.5]
		},
		"ground": {
			"scale": [0.5, 0.5, 0.5]
		},
		"gui": {
			"rotation": [1, 128, 0],
			"translation": [0, -3, 0],
			"scale": [0.6, 0.6, 0.6]
		},
		"head": {
			"rotation": [0, 180, 0],
			"scale": [1.0, 1.0, 1.0],
			"translation": [0, 1.0, 0]
		},
		"fixed": {
			"rotation": [-90, 0, 0],
			"translation": [0, 0, -7]
		}
	}
}