{
	"format_version": "1.9.0",
	"credit": "Made with Blockbench",
	"texture_size": [64, 64],
	"textures": {
		"0": "./LadW",
		"particle": "./LadW"
	},
	"elements": [
		{
			"from": [5.3, 1.1, 5.3],
			"to": [10.7, 12.1, 10.7],
			"rotation": {"angle": -90, "axis": "y", "origin": [8, 7.05, 8]},
			"faces": {
				"north": {"uv": [1.25, 4, 2.5, 6.75], "texture": "#0"},
				"east": {"uv": [0, 4, 1.25, 6.75], "texture": "#0"},
				"south": {"uv": [3.75, 4, 5, 6.75], "texture": "#0"},
				"west": {"uv": [2.5, 4, 3.75, 6.75], "texture": "#0"},
				"up": {"uv": [2.5, 4, 1.25, 2.75], "texture": "#0"},
				"down": {"uv": [3.75, 2.75, 2.5, 4], "texture": "#0"}
			}
		},
		{
			"from": [4.5, 3, 4.5],
			"to": [11.5, 4, 11.5],
			"rotation": {"angle": -90, "axis": "y", "origin": [8, 7.05, 8]},
			"faces": {
				"north": {"uv": [6.75, 4.5, 8.5, 4.75], "texture": "#0"},
				"east": {"uv": [5, 4.5, 6.75, 4.75], "texture": "#0"},
				"south": {"uv": [10.25, 4.5, 12, 4.75], "texture": "#0"},
				"west": {"uv": [8.5, 4.5, 10.25, 4.75], "texture": "#0"},
				"up": {"uv": [8.5, 4.5, 6.75, 2.75], "texture": "#0"},
				"down": {"uv": [10.25, 2.75, 8.5, 4.5], "texture": "#0"}
			}
		},
		{
			"from": [10, 11.1, 4],
			"to": [12, 13.1, 5],
			"rotation": {"angle": -90, "axis": "y", "origin": [8, 7.05, 8]},
			"faces": {
				"north": {"uv": [8.25, 1, 8.75, 1.5], "texture": "#0"},
				"east": {"uv": [8, 1, 8.25, 1.5], "texture": "#0"},
				"south": {"uv": [9, 1, 9.5, 1.5], "texture": "#0"},
				"west": {"uv": [8.75, 1, 9, 1.5], "texture": "#0"},
				"up": {"uv": [8.75, 1, 8.25, 0.75], "texture": "#0"},
				"down": {"uv": [9.25, 0.75, 8.75, 1], "texture": "#0"}
			}
		},
		{
			"from": [4, 11.1, 4],
			"to": [7, 13.1, 5],
			"rotation": {"angle": -90, "axis": "y", "origin": [8, 7.05, 8]},
			"faces": {
				"north": {"uv": [8.25, 0.25, 9, 0.75], "texture": "#0"},
				"east": {"uv": [8, 0.25, 8.25, 0.75], "texture": "#0"},
				"south": {"uv": [9.25, 0.25, 10, 0.75], "texture": "#0"},
				"west": {"uv": [9, 0.25, 9.25, 0.75], "texture": "#0"},
				"up": {"uv": [9, 0.25, 8.25, 0], "texture": "#0"},
				"down": {"uv": [9.75, 0, 9, 0.25], "texture": "#0"}
			}
		},
		{
			"from": [4, 11.1, 11],
			"to": [6, 13.1, 12],
			"rotation": {"angle": -90, "axis": "y", "origin": [8, 7.05, 8]},
			"faces": {
				"north": {"uv": [8.25, 1.75, 8.75, 2.25], "texture": "#0"},
				"east": {"uv": [8, 1.75, 8.25, 2.25], "texture": "#0"},
				"south": {"uv": [9, 1.75, 9.5, 2.25], "texture": "#0"},
				"west": {"uv": [8.75, 1.75, 9, 2.25], "texture": "#0"},
				"up": {"uv": [8.75, 1.75, 8.25, 1.5], "texture": "#0"},
				"down": {"uv": [9.25, 1.5, 8.75, 1.75], "texture": "#0"}
			}
		},
		{
			"from": [10, 11.1, 11],
			"to": [12, 13.1, 12],
			"rotation": {"angle": -90, "axis": "y", "origin": [8, 7.05, 8]},
			"faces": {
				"north": {"uv": [8.25, 5, 8.75, 5.5], "texture": "#0"},
				"east": {"uv": [8, 5, 8.25, 5.5], "texture": "#0"},
				"south": {"uv": [9, 5, 9.5, 5.5], "texture": "#0"},
				"west": {"uv": [8.75, 5, 9, 5.5], "texture": "#0"},
				"up": {"uv": [8.75, 5, 8.25, 4.75], "texture": "#0"},
				"down": {"uv": [9.25, 4.75, 8.75, 5], "texture": "#0"}
			}
		},
		{
			"from": [4, 11.1, 5],
			"to": [5, 13.1, 6],
			"rotation": {"angle": -90, "axis": "y", "origin": [8, 7.05, 8]},
			"faces": {
				"north": {"uv": [8.25, 5.75, 8.5, 6.25], "texture": "#0"},
				"east": {"uv": [8, 5.75, 8.25, 6.25], "texture": "#0"},
				"south": {"uv": [8.75, 5.75, 9, 6.25], "texture": "#0"},
				"west": {"uv": [8.5, 5.75, 8.75, 6.25], "texture": "#0"},
				"up": {"uv": [8.5, 5.75, 8.25, 5.5], "texture": "#0"},
				"down": {"uv": [8.75, 5.5, 8.5, 5.75], "texture": "#0"}
			}
		},
		{
			"from": [4, 11.1, 10],
			"to": [5, 13.1, 11],
			"rotation": {"angle": -90, "axis": "y", "origin": [8, 7.05, 8]},
			"faces": {
				"north": {"uv": [3.25, 9, 3.5, 9.5], "texture": "#0"},
				"east": {"uv": [3, 9, 3.25, 9.5], "texture": "#0"},
				"south": {"uv": [3.75, 9, 4, 9.5], "texture": "#0"},
				"west": {"uv": [3.5, 9, 3.75, 9.5], "texture": "#0"},
				"up": {"uv": [3.5, 9, 3.25, 8.75], "texture": "#0"},
				"down": {"uv": [3.75, 8.75, 3.5, 9], "texture": "#0"}
			}
		},
		{
			"from": [11, 11.1, 10],
			"to": [12, 13.1, 11],
			"rotation": {"angle": -90, "axis": "y", "origin": [8, 7.05, 8]},
			"faces": {
				"north": {"uv": [8.25, 6.5, 8.5, 7], "texture": "#0"},
				"east": {"uv": [8, 6.5, 8.25, 7], "texture": "#0"},
				"south": {"uv": [8.75, 6.5, 9, 7], "texture": "#0"},
				"west": {"uv": [8.5, 6.5, 8.75, 7], "texture": "#0"},
				"up": {"uv": [8.5, 6.5, 8.25, 6.25], "texture": "#0"},
				"down": {"uv": [8.75, 6.25, 8.5, 6.5], "texture": "#0"}
			}
		},
		{
			"from": [11, 11.1, 5],
			"to": [12, 13.1, 6],
			"rotation": {"angle": -90, "axis": "y", "origin": [8, 7.05, 8]},
			"faces": {
				"north": {"uv": [4.25, 9, 4.5, 9.5], "texture": "#0"},
				"east": {"uv": [4, 9, 4.25, 9.5], "texture": "#0"},
				"south": {"uv": [4.75, 9, 5, 9.5], "texture": "#0"},
				"west": {"uv": [4.5, 9, 4.75, 9.5], "texture": "#0"},
				"up": {"uv": [4.5, 9, 4.25, 8.75], "texture": "#0"},
				"down": {"uv": [4.75, 8.75, 4.5, 9], "texture": "#0"}
			}
		},
		{
			"from": [3, 10.1, 6],
			"to": [5, 15.1, 10],
			"rotation": {"angle": -90, "axis": "y", "origin": [8, 7.05, 8]},
			"faces": {
				"north": {"uv": [6, 5.75, 6.5, 7], "texture": "#0"},
				"east": {"uv": [5, 5.75, 6, 7], "texture": "#0"},
				"south": {"uv": [7.5, 5.75, 8, 7], "texture": "#0"},
				"west": {"uv": [6.5, 5.75, 7.5, 7], "texture": "#0"},
				"up": {"uv": [6.5, 5.75, 6, 4.75], "texture": "#0"},
				"down": {"uv": [7, 4.75, 6.5, 5.75], "texture": "#0"}
			}
		},
		{
			"from": [6, 10.1, 3],
			"to": [10, 15.1, 5],
			"rotation": {"angle": -90, "axis": "y", "origin": [8, 7.05, 8]},
			"faces": {
				"north": {"uv": [3.5, 7.5, 4.5, 8.75], "texture": "#0"},
				"east": {"uv": [3, 7.5, 3.5, 8.75], "texture": "#0"},
				"south": {"uv": [5, 7.5, 6, 8.75], "texture": "#0"},
				"west": {"uv": [4.5, 7.5, 5, 8.75], "texture": "#0"},
				"up": {"uv": [4.5, 7.5, 3.5, 7], "texture": "#0"},
				"down": {"uv": [5.5, 7, 4.5, 7.5], "texture": "#0"}
			}
		},
		{
			"from": [11, 10.1, 6],
			"to": [13, 15.1, 10],
			"rotation": {"angle": -90, "axis": "y", "origin": [8, 7.05, 8]},
			"faces": {
				"north": {"uv": [1, 7.75, 1.5, 9], "texture": "#0"},
				"east": {"uv": [0, 7.75, 1, 9], "texture": "#0"},
				"south": {"uv": [2.5, 7.75, 3, 9], "texture": "#0"},
				"west": {"uv": [1.5, 7.75, 2.5, 9], "texture": "#0"},
				"up": {"uv": [1.5, 7.75, 1, 6.75], "texture": "#0"},
				"down": {"uv": [2, 6.75, 1.5, 7.75], "texture": "#0"}
			}
		},
		{
			"from": [4, 0, 4],
			"to": [12, 3, 12],
			"rotation": {"angle": -90, "axis": "y", "origin": [8, 7.05, 8]},
			"faces": {
				"north": {"uv": [2, 2, 4, 2.75], "texture": "#0"},
				"east": {"uv": [0, 2, 2, 2.75], "texture": "#0"},
				"south": {"uv": [6, 2, 8, 2.75], "texture": "#0"},
				"west": {"uv": [4, 2, 6, 2.75], "texture": "#0"},
				"up": {"uv": [4, 2, 2, 0], "texture": "#0"},
				"down": {"uv": [6, 0, 4, 2], "texture": "#0"}
			}
		},
		{
			"from": [6, 10.1, 11],
			"to": [10, 15.1, 13],
			"rotation": {"angle": -90, "axis": "y", "origin": [8, 7.05, 8]},
			"faces": {
				"north": {"uv": [6.5, 7.5, 7.5, 8.75], "texture": "#0"},
				"east": {"uv": [6, 7.5, 6.5, 8.75], "texture": "#0"},
				"south": {"uv": [8, 7.5, 9, 8.75], "texture": "#0"},
				"west": {"uv": [7.5, 7.5, 8, 8.75], "texture": "#0"},
				"up": {"uv": [7.5, 7.5, 6.5, 7], "texture": "#0"},
				"down": {"uv": [8.5, 7, 7.5, 7.5], "texture": "#0"}
			}
		}
	],
	"display": {
		"thirdperson_righthand": {
			"scale": [0.3, 0.3, 0.3]
		},
		"thirdperson_lefthand": {
			"scale": [0.3, 0.3, 0.3]
		},
		"firstperson_righthand": {
			"translation": [0, 3, 0],
			"scale": [0.5, 0.5, 0.5]
		},
		"firstperson_lefthand": {
			"translation": [0, 3, 0],
			"scale": [0.5, 0.5, 0.5]
		},
		"ground": {
			"scale": [0.5, 0.5, 0.5]
		},
		"gui": {
			"rotation": [1, 90, 0],
			"translation": [0, -2.75, 0],
			"scale": [0.65, 0.65, 0.65]
		},
		"head": {
			"rotation": [0, 180, 0],
			"scale": [1.05, 1.05, 1.05],
			"translation": [0, 1.0, 0]
		},
		"fixed": {
			"rotation": [-90, 0, 0],
			"translation": [0, 0, -7]
		}
	}
}