{
	"format_version": "1.9.0",
	"credit": "Made with Blockbench",
	"texture_size": [64, 64],
	"textures": {
		"0": "./PawnW",
		"particle": "./PawnW"
	},
	"elements": [
		{
			"from": [5.5, 10.1, 5.5],
			"to": [10.5, 15.1, 10.5],
			"rotation": {"angle": 0, "axis": "y", "origin": [8, 7.05, 8]},
			"faces": {
				"north": {"uv": [1.25, 5.75, 2.5, 7], "texture": "#0"},
				"east": {"uv": [0, 5.75, 1.25, 7], "texture": "#0"},
				"south": {"uv": [3.75, 5.75, 5, 7], "texture": "#0"},
				"west": {"uv": [2.5, 5.75, 3.75, 7], "texture": "#0"},
				"up": {"uv": [2.5, 5.75, 1.25, 4.5], "texture": "#0"},
				"down": {"uv": [3.75, 4.5, 2.5, 5.75], "texture": "#0"}
			}
		},
		{
			"from": [6, 0.1, 6],
			"to": [10, 9.1, 10],
			"rotation": {"angle": 0, "axis": "y", "origin": [8, 7.05, 8]},
			"faces": {
				"north": {"uv": [6, 5.5, 7, 7.75], "texture": "#0"},
				"east": {"uv": [5, 5.5, 6, 7.75], "texture": "#0"},
				"south": {"uv": [8, 5.5, 9, 7.75], "texture": "#0"},
				"west": {"uv": [7, 5.5, 8, 7.75], "texture": "#0"},
				"up": {"uv": [7, 5.5, 6, 4.5], "texture": "#0"},
				"down": {"uv": [8, 4.5, 7, 5.5], "texture": "#0"}
			}
		},
		{
			"from": [5, 6.1, 5],
			"to": [11, 8.1, 11],
			"rotation": {"angle": 0, "axis": "y", "origin": [8, 7.05, 8]},
			"faces": {
				"north": {"uv": [1.5, 4, 3, 4.5], "texture": "#0"},
				"east": {"uv": [0, 4, 1.5, 4.5], "texture": "#0"},
				"south": {"uv": [4.5, 4, 6, 4.5], "texture": "#0"},
				"west": {"uv": [3, 4, 4.5, 4.5], "texture": "#0"},
				"up": {"uv": [3, 4, 1.5, 2.5], "texture": "#0"},
				"down": {"uv": [4.5, 2.5, 3, 4], "texture": "#0"}
			}
		},
		{
			"from": [4.5, 0, 4.5],
			"to": [11.5, 3, 11.5],
			"rotation": {"angle": 0, "axis": "y", "origin": [8, 7.05, 8]},
			"faces": {
				"north": {"uv": [1.75, 1.75, 3.5, 2.5], "texture": "#0"},
				"east": {"uv": [0, 1.75, 1.75, 2.5], "texture": "#0"},
				"south": {"uv": [5.25, 1.75, 7, 2.5], "texture": "#0"},
				"west": {"uv": [3.5, 1.75, 5.25, 2.5], "texture": "#0"},
				"up": {"uv": [3.5, 1.75, 1.75, 0], "texture": "#0"},
				"down": {"uv": [5.25, 0, 3.5, 1.75], "texture": "#0"}
			}
		}
	],
	"display": {
		"thirdperson_righthand": {
			"scale": [0.3, 0.3, 0.3]
		},
		"thirdperson_lefthand": {
			"scale": [0.3, 0.3, 0.3]
		},
		"firstperson_righthand": {
			"translation": [0, 3, 0],
			"scale": [0.5, 0.5, 0.5]
		},
		"firstperson_lefthand": {
			"translation": [0, 3, 0],
			"scale": [0.5, 0.5, 0.5]
		},
		"ground": {
			"scale": [0.5, 0.5, 0.5]
		},
		"gui": {
			"rotation": [1, 128, 0],
			"translation": [0, -3, 0],
			"scale": [0.6, 0.6, 0.6]
		},
		"head": {
			"rotation": [0, 180, 0],
			"scale": [1.0, 1.0, 1.0],
			"translation": [0, 1.0, 0]
		},
		"fixed": {
			"rotation": [-90, 0, 0],
			"translation": [0, 0, -7]
		}
	}
}