{
	"format_version": "1.9.0",
	"credit": "Made with Blockbench",
	"texture_size": [64, 64],
	"textures": {
		"0": "./QueenW",
		"particle": "./QueenW"
	},
	"elements": [
		{
			"from": [4, 0, 4],
			"to": [12, 2, 12],
			"rotation": {"angle": 0, "axis": "y", "origin": [8, 13.4, 8]},
			"faces": {
				"north": {"uv": [2, 2, 4, 2.5], "texture": "#0"},
				"east": {"uv": [0, 2, 2, 2.5], "texture": "#0"},
				"south": {"uv": [6, 2, 8, 2.5], "texture": "#0"},
				"west": {"uv": [4, 2, 6, 2.5], "texture": "#0"},
				"up": {"uv": [4, 2, 2, 0], "texture": "#0"},
				"down": {"uv": [6, 0, 4, 2], "texture": "#0"}
			}
		},
		{
			"from": [4.9, 2, 4.9],
			"to": [11.1, 6, 11.1],
			"rotation": {"angle": 0, "axis": "y", "origin": [8, 13.4, 8]},
			"faces": {
				"north": {"uv": [5.5, 8.25, 7, 9.25], "texture": "#0"},
				"east": {"uv": [4, 8.25, 5.5, 9.25], "texture": "#0"},
				"south": {"uv": [8.5, 8.25, 10, 9.25], "texture": "#0"},
				"west": {"uv": [7, 8.25, 8.5, 9.25], "texture": "#0"},
				"up": {"uv": [7, 8.25, 5.5, 6.75], "texture": "#0"},
				"down": {"uv": [8.5, 6.75, 7, 8.25], "texture": "#0"}
			}
		},
		{
			"from": [4.3, 3, 4.3],
			"to": [11.7, 5, 11.7],
			"rotation": {"angle": 0, "axis": "y", "origin": [8, 13.4, 8]},
			"faces": {
				"north": {"uv": [1.75, 4.25, 3.5, 4.75], "texture": "#0"},
				"east": {"uv": [0, 4.25, 1.75, 4.75], "texture": "#0"},
				"south": {"uv": [5.25, 4.25, 7, 4.75], "texture": "#0"},
				"west": {"uv": [3.5, 4.25, 5.25, 4.75], "texture": "#0"},
				"up": {"uv": [3.5, 4.25, 1.75, 2.5], "texture": "#0"},
				"down": {"uv": [5.25, 2.5, 3.5, 4.25], "texture": "#0"}
			}
		},
		{
			"from": [4.4, 15.3, 4.4],
			"to": [11.6, 16.3, 11.6],
			"rotation": {"angle": 0, "axis": "y", "origin": [8, 13.4, 8]},
			"faces": {
				"north": {"uv": [1.75, 6.5, 3.5, 6.75], "texture": "#0"},
				"east": {"uv": [0, 6.5, 1.75, 6.75], "texture": "#0"},
				"south": {"uv": [5.25, 6.5, 7, 6.75], "texture": "#0"},
				"west": {"uv": [3.5, 6.5, 5.25, 6.75], "texture": "#0"},
				"up": {"uv": [3.5, 6.5, 1.75, 4.75], "texture": "#0"},
				"down": {"uv": [5.25, 4.75, 3.5, 6.5], "texture": "#0"}
			}
		},
		{
			"from": [4.8, 16.3, 4.8],
			"to": [11.2, 17.3, 11.2],
			"rotation": {"angle": 0, "axis": "y", "origin": [8, 13.4, 8]},
			"faces": {
				"north": {"uv": [8.5, 6, 10, 6.25], "texture": "#0"},
				"east": {"uv": [7, 6, 8.5, 6.25], "texture": "#0"},
				"south": {"uv": [11.5, 6, 13, 6.25], "texture": "#0"},
				"west": {"uv": [10, 6, 11.5, 6.25], "texture": "#0"},
				"up": {"uv": [10, 6, 8.5, 4.5], "texture": "#0"},
				"down": {"uv": [11.5, 4.5, 10, 6], "texture": "#0"}
			}
		},
		{
			"from": [5, 18.3, 5],
			"to": [11, 19.3, 11],
			"rotation": {"angle": 0, "axis": "y", "origin": [8, 13.4, 8]},
			"faces": {
				"north": {"uv": [9.5, 1.5, 11, 1.75], "texture": "#0"},
				"east": {"uv": [8, 1.5, 9.5, 1.75], "texture": "#0"},
				"south": {"uv": [12.5, 1.5, 14, 1.75], "texture": "#0"},
				"west": {"uv": [11, 1.5, 12.5, 1.75], "texture": "#0"},
				"up": {"uv": [11, 1.5, 9.5, 0], "texture": "#0"},
				"down": {"uv": [12.5, 0, 11, 1.5], "texture": "#0"}
			}
		},
		{
			"from": [5, 21.3, 5],
			"to": [11, 23.8, 11],
			"rotation": {"angle": 0, "axis": "y", "origin": [8, 13.4, 8]},
			"faces": {
				"north": {"uv": [8.5, 4, 10, 4.5], "texture": "#0"},
				"east": {"uv": [7, 4, 8.5, 4.5], "texture": "#0"},
				"south": {"uv": [11.5, 4, 13, 4.5], "texture": "#0"},
				"west": {"uv": [10, 4, 11.5, 4.5], "texture": "#0"},
				"up": {"uv": [10, 4, 8.5, 2.5], "texture": "#0"},
				"down": {"uv": [11.5, 2.5, 10, 4], "texture": "#0"}
			}
		},
		{
			"from": [6, 20.3, 6],
			"to": [10, 21.8, 10],
			"rotation": {"angle": 0, "axis": "y", "origin": [8, 13.4, 8]},
			"faces": {
				"north": {"uv": [5, 10.25, 6, 10.5], "texture": "#0"},
				"east": {"uv": [4, 10.25, 5, 10.5], "texture": "#0"},
				"south": {"uv": [7, 10.25, 8, 10.5], "texture": "#0"},
				"west": {"uv": [6, 10.25, 7, 10.5], "texture": "#0"},
				"up": {"uv": [6, 10.25, 5, 9.25], "texture": "#0"},
				"down": {"uv": [7, 9.25, 6, 10.25], "texture": "#0"}
			}
		},
		{
			"from": [5.9, 3.3, 5.9],
			"to": [10.1, 18.8, 10.1],
			"rotation": {"angle": 0, "axis": "y", "origin": [8, 13.4, 8]},
			"faces": {
				"north": {"uv": [1, 7.75, 2, 11.5], "texture": "#0"},
				"east": {"uv": [0, 7.75, 1, 11.5], "texture": "#0"},
				"south": {"uv": [3, 7.75, 4, 11.5], "texture": "#0"},
				"west": {"uv": [2, 7.75, 3, 11.5], "texture": "#0"},
				"up": {"uv": [2, 7.75, 1, 6.75], "texture": "#0"},
				"down": {"uv": [3, 6.75, 2, 7.75], "texture": "#0"}
			}
		},
		{
			"from": [7, 24.8, 7],
			"to": [9, 26.8, 9],
			"rotation": {"angle": 0, "axis": "y", "origin": [8, 13.4, 8]},
			"faces": {
				"north": {"uv": [8.5, 9.75, 9, 10.25], "texture": "#0"},
				"east": {"uv": [8, 9.75, 8.5, 10.25], "texture": "#0"},
				"south": {"uv": [9.5, 9.75, 10, 10.25], "texture": "#0"},
				"west": {"uv": [9, 9.75, 9.5, 10.25], "texture": "#0"},
				"up": {"uv": [9, 9.75, 8.5, 9.25], "texture": "#0"},
				"down": {"uv": [9.5, 9.25, 9, 9.75], "texture": "#0"}
			}
		},
		{
			"from": [7, 22.8, 10],
			"to": [9, 24.8, 12],
			"rotation": {"angle": 0, "axis": "y", "origin": [8, 13.4, 8]},
			"faces": {
				"north": {"uv": [10.5, 6.75, 11, 7.25], "texture": "#0"},
				"east": {"uv": [10, 6.75, 10.5, 7.25], "texture": "#0"},
				"south": {"uv": [11.5, 6.75, 12, 7.25], "texture": "#0"},
				"west": {"uv": [11, 6.75, 11.5, 7.25], "texture": "#0"},
				"up": {"uv": [11, 6.75, 10.5, 6.25], "texture": "#0"},
				"down": {"uv": [11.5, 6.25, 11, 6.75], "texture": "#0"}
			}
		},
		{
			"from": [7, 22.8, 4],
			"to": [9, 24.8, 6],
			"rotation": {"angle": 0, "axis": "y", "origin": [8, 13.4, 8]},
			"faces": {
				"north": {"uv": [10.5, 7.75, 11, 8.25], "texture": "#0"},
				"east": {"uv": [10, 7.75, 10.5, 8.25], "texture": "#0"},
				"south": {"uv": [11.5, 7.75, 12, 8.25], "texture": "#0"},
				"west": {"uv": [11, 7.75, 11.5, 8.25], "texture": "#0"},
				"up": {"uv": [11, 7.75, 10.5, 7.25], "texture": "#0"},
				"down": {"uv": [11.5, 7.25, 11, 7.75], "texture": "#0"}
			}
		},
		{
			"from": [4.7, 23, 4.7],
			"to": [6.3, 24.6, 6.3],
			"rotation": {"angle": 0, "axis": "y", "origin": [8, 13.4, 8]},
			"faces": {
				"north": {"uv": [8, 2, 8.5, 2.5], "texture": "#0"},
				"east": {"uv": [8, 2.5, 8.5, 3], "texture": "#0"},
				"south": {"uv": [7.5, 2.5, 8, 3], "texture": "#0"},
				"west": {"uv": [8.5, 2, 9, 2.5], "texture": "#0"},
				"up": {"uv": [8, 2, 7.5, 1.5], "texture": "#0"},
				"down": {"uv": [7.5, 2.5, 7, 3], "texture": "#0"}
			}
		},
		{
			"from": [4.7, 23, 9.7],
			"to": [6.3, 24.6, 11.3],
			"rotation": {"angle": 0, "axis": "y", "origin": [8, 13.4, 8]},
			"faces": {
				"north": {"uv": [7.5, 6.25, 8, 6.75], "texture": "#0"},
				"east": {"uv": [7, 6.25, 7.5, 6.75], "texture": "#0"},
				"south": {"uv": [8.5, 6.75, 9, 7.25], "texture": "#0"},
				"west": {"uv": [9, 6.25, 9.5, 6.75], "texture": "#0"},
				"up": {"uv": [8.5, 6.75, 8, 6.25], "texture": "#0"},
				"down": {"uv": [9, 6.25, 8.5, 6.75], "texture": "#0"}
			}
		},
		{
			"from": [9.7, 23, 9.7],
			"to": [11.3, 24.6, 11.3],
			"rotation": {"angle": 0, "axis": "y", "origin": [8, 13.4, 8]},
			"faces": {
				"north": {"uv": [8, 1, 8.5, 1.5], "texture": "#0"},
				"east": {"uv": [9, 0.5, 9.5, 1], "texture": "#0"},
				"south": {"uv": [9, 1, 9.5, 1.5], "rotation": 90, "texture": "#0"},
				"west": {"uv": [8.5, 1, 9, 1.5], "texture": "#0"},
				"up": {"uv": [8.5, 1, 8, 0.5], "texture": "#0"},
				"down": {"uv": [9, 0.5, 8.5, 1], "texture": "#0"}
			}
		},
		{
			"from": [9.7, 23, 4.7],
			"to": [11.3, 24.6, 6.3],
			"rotation": {"angle": 0, "axis": "y", "origin": [8, 13.4, 8]},
			"faces": {
				"north": {"uv": [5.5, 6, 6, 6.5], "texture": "#0"},
				"east": {"uv": [6.5, 5.5, 7, 6], "texture": "#0"},
				"south": {"uv": [6.5, 6, 7, 6.5], "texture": "#0"},
				"west": {"uv": [6, 6, 6.5, 6.5], "texture": "#0"},
				"up": {"uv": [6, 6, 5.5, 5.5], "texture": "#0"},
				"down": {"uv": [6.5, 5.5, 6, 6], "texture": "#0"}
			}
		},
		{
			"from": [10, 22.8, 7],
			"to": [12, 24.8, 9],
			"rotation": {"angle": 0, "axis": "y", "origin": [8, 13.4, 8]},
			"faces": {
				"north": {"uv": [10.5, 9.75, 11, 10.25], "texture": "#0"},
				"east": {"uv": [10, 9.75, 10.5, 10.25], "texture": "#0"},
				"south": {"uv": [11.5, 9.75, 12, 10.25], "texture": "#0"},
				"west": {"uv": [11, 9.75, 11.5, 10.25], "texture": "#0"},
				"up": {"uv": [11, 9.75, 10.5, 9.25], "texture": "#0"},
				"down": {"uv": [11.5, 9.25, 11, 9.75], "texture": "#0"}
			}
		},
		{
			"from": [4, 22.8, 7],
			"to": [6, 24.8, 9],
			"rotation": {"angle": 0, "axis": "y", "origin": [8, 13.4, 8]},
			"faces": {
				"north": {"uv": [10.5, 8.75, 11, 9.25], "texture": "#0"},
				"east": {"uv": [10, 8.75, 10.5, 9.25], "texture": "#0"},
				"south": {"uv": [11.5, 8.75, 12, 9.25], "texture": "#0"},
				"west": {"uv": [11, 8.75, 11.5, 9.25], "texture": "#0"},
				"up": {"uv": [11, 8.75, 10.5, 8.25], "texture": "#0"},
				"down": {"uv": [11.5, 8.25, 11, 8.75], "texture": "#0"}
			}
		}
	],
	"display": {
		"thirdperson_righthand": {
			"scale": [0.3, 0.3, 0.3]
		},
		"thirdperson_lefthand": {
			"scale": [0.3, 0.3, 0.3]
		},
		"firstperson_righthand": {
			"translation": [0, 3, 0],
			"scale": [0.5, 0.5, 0.5]
		},
		"firstperson_lefthand": {
			"translation": [0, 3, 0],
			"scale": [0.5, 0.5, 0.5]
		},
		"ground": {
			"scale": [0.5, 0.5, 0.5]
		},
		"gui": {
			"rotation": [1, 128, 0],
			"translation": [0, -3.5, 0],
			"scale": [0.55, 0.55, 0.55]
		},
		"head": {
			"rotation": [0, 180, 0],
			"scale": [1.0, 1.0, 1.0],
			"translation": [0, 1.0, 0]
		},
		"fixed": {
			"rotation": [-90, 0, 0],
			"translation": [0, 0, -7]
		}
	}
}